origin_id,destination_id,duration_min,distance_miles,clinic_name,GEO_ID,NAME,DP03_0001E,DP03_0002E,DP03_0003E,DP03_0004E,DP03_0005E,DP03_0007E,DP03_0019E,DP03_0020E,DP03_0021E,DP03_0022E,DP03_0023E,DP03_0024E,DP03_0025E,DP03_0051E,DP03_0052E,DP03_0053E,DP03_0054E,DP03_0055E,DP03_0056E,DP03_0057E,DP03_0058E,DP03_0059E,DP03_0060E,DP03_0061E,DP03_0062E,DP03_0063E,DP03_0064E,DP03_0065E,DP03_0066E,DP03_0067E,DP03_0068E,DP03_0069E,DP03_0070E,DP03_0071E,DP03_0072E,DP03_0073E,DP03_0074E,DP03_0095E,DP03_0096E,DP03_0097E,DP03_0098E,DP03_0099E,DP03_0100E,DP03_0101E,DP03_0102E,DP03_0103E,DP03_0104E,DP03_0105E,DP03_0106E,DP03_0107E,DP03_0108E,DP03_0109E,DP03_0110E,DP03_0111E,DP03_0112E,DP03_0113E,DP03_0114E,DP03_0115E,DP03_0116E,DP03_0117E
"Anne Arundel County, Maryland",7,11.9,3.71,Parole Health Center,0500000US24003,"Anne Arundel County, Maryland",479254,332792,318663,306806,11857,146462,221445,21611,4915,5970,3939,58356,28.9,224748,6820,2224,6378,7311,13334,23963,26849,46853,34766,56250,124911,156835,185459,154303,61470,27415,63897,46546,6854,12884,3883,4343,14710,576539,549170,464230,171755,27369,140608,3725,342825,288099,277485,260865,243807,28226,16620,10614,9123,5334,4190,1491,54726,49977,36529,17981
"Anne Arundel County, Maryland",8,26.7,14.91,Glen Burnie Health Center,0500000US24003,"Anne Arundel County, Maryland",479254,332792,318663,306806,11857,146462,221445,21611,4915,5970,3939,58356,28.9,224748,6820,2224,6378,7311,13334,23963,26849,46853,34766,56250,124911,156835,185459,154303,61470,27415,63897,46546,6854,12884,3883,4343,14710,576539,549170,464230,171755,27369,140608,3725,342825,288099,277485,260865,243807,28226,16620,10614,9123,5334,4190,1491,54726,49977,36529,17981
"Anne Arundel County, Maryland",9,29.2,15.59,Magothy Health Center,0500000US24003,"Anne Arundel County, Maryland",479254,332792,318663,306806,11857,146462,221445,21611,4915,5970,3939,58356,28.9,224748,6820,2224,6378,7311,13334,23963,26849,46853,34766,56250,124911,156835,185459,154303,61470,27415,63897,46546,6854,12884,3883,4343,14710,576539,549170,464230,171755,27369,140608,3725,342825,288099,277485,260865,243807,28226,16620,10614,9123,5334,4190,1491,54726,49977,36529,17981
"Anne Arundel County, Maryland",0,35.1,23.31,Cheverly Health Center,0500000US24003,"Anne Arundel County, Maryland",479254,332792,318663,306806,11857,146462,221445,21611,4915,5970,3939,58356,28.9,224748,6820,2224,6378,7311,13334,23963,26849,46853,34766,56250,124911,156835,185459,154303,61470,27415,63897,46546,6854,12884,3883,4343,14710,576539,549170,464230,171755,27369,140608,3725,342825,288099,277485,260865,243807,28226,16620,10614,9123,5334,4190,1491,54726,49977,36529,17981
"Anne Arundel County, Maryland",1,42.8,25.64,Hyattsville Health Center,0500000US24003,"Anne Arundel County, Maryland",479254,332792,318663,306806,11857,146462,221445,21611,4915,5970,3939,58356,28.9,224748,6820,2224,6378,7311,13334,23963,26849,46853,34766,56250,124911,156835,185459,154303,61470,27415,63897,46546,6854,12884,3883,4343,14710,576539,549170,464230,171755,27369,140608,3725,342825,288099,277485,260865,243807,28226,16620,10614,9123,5334,4190,1491,54726,49977,36529,17981
"Baltimore County, Maryland",10,25.5,13.26,Baltimore County Drumcastle,0500000US24005,"Baltimore County, Maryland",687001,451798,450938,428901,22037,235203,292861,32848,10588,8159,7495,69717,28.0,332801,15541,6761,16469,18925,30042,48430,43154,62902,37790,52787,91768,122863,262200,125490,105293,25102,89708,33695,14091,11719,8729,4249,37563,843930,798057,615154,309740,45873,198314,9850,495491,404618,385210,361965,327697,47449,23245,19408,16871,9431,8588,2537,90873,82028,50250,39287
"Baltimore County, Maryland",6,34.0,19.34,East Baltimore Medical Center,0500000US24005,"Baltimore County, Maryland",687001,451798,450938,428901,22037,235203,292861,32848,10588,8159,7495,69717,28.0,332801,15541,6761,16469,18925,30042,48430,43154,62902,37790,52787,91768,122863,262200,125490,105293,25102,89708,33695,14091,11719,8729,4249,37563,843930,798057,615154,309740,45873,198314,9850,495491,404618,385210,361965,327697,47449,23245,19408,16871,9431,8588,2537,90873,82028,50250,39287
"Baltimore County, Maryland",5,34.4,20.01,Eastern Health District Clinic,0500000US24005,"Baltimore County, Maryland",687001,451798,450938,428901,22037,235203,292861,32848,10588,8159,7495,69717,28.0,332801,15541,6761,16469,18925,30042,48430,43154,62902,37790,52787,91768,122863,262200,125490,105293,25102,89708,33695,14091,11719,8729,4249,37563,843930,798057,615154,309740,45873,198314,9850,495491,404618,385210,361965,327697,47449,23245,19408,16871,9431,8588,2537,90873,82028,50250,39287
"Baltimore County, Maryland",11,47.3,26.32,Dundalk Health Center,0500000US24005,"Baltimore County, Maryland",687001,451798,450938,428901,22037,235203,292861,32848,10588,8159,7495,69717,28.0,332801,15541,6761,16469,18925,30042,48430,43154,62902,37790,52787,91768,122863,262200,125490,105293,25102,89708,33695,14091,11719,8729,4249,37563,843930,798057,615154,309740,45873,198314,9850,495491,404618,385210,361965,327697,47449,23245,19408,16871,9431,8588,2537,90873,82028,50250,39287
"Baltimore County, Maryland",8,55.3,32.97,Glen Burnie Health Center,0500000US24005,"Baltimore County, Maryland",687001,451798,450938,428901,22037,235203,292861,32848,10588,8159,7495,69717,28.0,332801,15541,6761,16469,18925,30042,48430,43154,62902,37790,52787,91768,122863,262200,125490,105293,25102,89708,33695,14091,11719,8729,4249,37563,843930,798057,615154,309740,45873,198314,9850,495491,404618,385210,361965,327697,47449,23245,19408,16871,9431,8588,2537,90873,82028,50250,39287
"Baltimore city, Maryland",6,11.8,3.49,East Baltimore Medical Center,0500000US24510,"Baltimore city, Maryland",466362,294777,294134,274907,19227,171585,150236,19084,27899,15230,9992,48161,29.1,255668,22906,16297,20256,19164,28450,40757,30158,35354,18438,23888,62177,89265,193044,97298,70559,18951,49336,28694,20894,10698,13352,3654,59197,566123,532503,334732,261953,33620,127278,5856,353502,272163,255253,238481,202213,46218,16772,16910,14859,5447,10038,2051,81339,72877,28482,50078
"Baltimore city, Maryland",5,12.2,4.16,Eastern Health District Clinic,0500000US24510,"Baltimore city, Maryland",466362,294777,294134,274907,19227,171585,150236,19084,27899,15230,9992,48161,29.1,255668,22906,16297,20256,19164,28450,40757,30158,35354,18438,23888,62177,89265,193044,97298,70559,18951,49336,28694,20894,10698,13352,3654,59197,566123,532503,334732,261953,33620,127278,5856,353502,272163,255253,238481,202213,46218,16772,16910,14859,5447,10038,2051,81339,72877,28482,50078
"Baltimore city, Maryland",10,19.0,6.1,Baltimore County Drumcastle,0500000US24510,"Baltimore city, Maryland",466362,294777,294134,274907,19227,171585,150236,19084,27899,15230,9992,48161,29.1,255668,22906,16297,20256,19164,28450,40757,30158,35354,18438,23888,62177,89265,193044,97298,70559,18951,49336,28694,20894,10698,13352,3654,59197,566123,532503,334732,261953,33620,127278,5856,353502,272163,255253,238481,202213,46218,16772,16910,14859,5447,10038,2051,81339,72877,28482,50078
"Baltimore city, Maryland",11,30.4,13.08,Dundalk Health Center,0500000US24510,"Baltimore city, Maryland",466362,294777,294134,274907,19227,171585,150236,19084,27899,15230,9992,48161,29.1,255668,22906,16297,20256,19164,28450,40757,30158,35354,18438,23888,62177,89265,193044,97298,70559,18951,49336,28694,20894,10698,13352,3654,59197,566123,532503,334732,261953,33620,127278,5856,353502,272163,255253,238481,202213,46218,16772,16910,14859,5447,10038,2051,81339,72877,28482,50078
"Baltimore city, Maryland",8,30.9,13.2,Glen Burnie Health Center,0500000US24510,"Baltimore city, Maryland",466362,294777,294134,274907,19227,171585,150236,19084,27899,15230,9992,48161,29.1,255668,22906,16297,20256,19164,28450,40757,30158,35354,18438,23888,62177,89265,193044,97298,70559,18951,49336,28694,20894,10698,13352,3654,59197,566123,532503,334732,261953,33620,127278,5856,353502,272163,255253,238481,202213,46218,16772,16910,14859,5447,10038,2051,81339,72877,28482,50078
"Calvert County, Maryland",7,70.3,36.66,Parole Health Center,0500000US24009,"Calvert County, Maryland",75217,50107,48995,47678,1317,25110,35102,2904,596,425,406,8953,39.3,33465,717,416,962,819,1703,3055,3841,7333,5791,8828,133922,158598,27104,155947,9800,26191,11812,47522,1252,13154,398,3276,1696,92810,89980,78104,25899,2830,22991,503,54631,44016,43025,41335,39311,3330,1690,991,878,650,236,113,10615,10103,7625,3395
"Calvert County, Maryland",0,79.1,41.01,Cheverly Health Center,0500000US24009,"Calvert County, Maryland",75217,50107,48995,47678,1317,25110,35102,2904,596,425,406,8953,39.3,33465,717,416,962,819,1703,3055,3841,7333,5791,8828,133922,158598,27104,155947,9800,26191,11812,47522,1252,13154,398,3276,1696,92810,89980,78104,25899,2830,22991,503,54631,44016,43025,41335,39311,3330,1690,991,878,650,236,113,10615,10103,7625,3395
"Calvert County, Maryland",1,87.7,44.45,Hyattsville Health Center,0500000US24009,"Calvert County, Maryland",75217,50107,48995,47678,1317,25110,35102,2904,596,425,406,8953,39.3,33465,717,416,962,819,1703,3055,3841,7333,5791,8828,133922,158598,27104,155947,9800,26191,11812,47522,1252,13154,398,3276,1696,92810,89980,78104,25899,2830,22991,503,54631,44016,43025,41335,39311,3330,1690,991,878,650,236,113,10615,10103,7625,3395
"Calvert County, Maryland",8,88.4,54.94,Glen Burnie Health Center,0500000US24009,"Calvert County, Maryland",75217,50107,48995,47678,1317,25110,35102,2904,596,425,406,8953,39.3,33465,717,416,962,819,1703,3055,3841,7333,5791,8828,133922,158598,27104,155947,9800,26191,11812,47522,1252,13154,398,3276,1696,92810,89980,78104,25899,2830,22991,503,54631,44016,43025,41335,39311,3330,1690,991,878,650,236,113,10615,10103,7625,3395
"Calvert County, Maryland",4,90.9,51.44,Dennis Ave Health Center,0500000US24009,"Calvert County, Maryland",75217,50107,48995,47678,1317,25110,35102,2904,596,425,406,8953,39.3,33465,717,416,962,819,1703,3055,3841,7333,5791,8828,133922,158598,27104,155947,9800,26191,11812,47522,1252,13154,398,3276,1696,92810,89980,78104,25899,2830,22991,503,54631,44016,43025,41335,39311,3330,1690,991,878,650,236,113,10615,10103,7625,3395
"Howard County, Maryland",12,31.5,17.84,Laurel Clinic,0500000US24027,"Howard County, Maryland",266117,184801,181999,175641,6358,81316,113876,9423,2703,1554,2303,45574,28.5,121065,2715,1737,2955,3277,5908,10434,11343,22241,18386,42069,149763,184243,103378,179710,29644,30635,30701,52273,3403,10612,1876,5061,6828,331595,317577,275707,83864,14018,84306,2424,196824,165859,160159,152991,145068,12415,7168,5700,4910,3199,1779,790,30965,27863,21169,8875
"Howard County, Maryland",4,41.6,26.28,Dennis Ave Health Center,0500000US24027,"Howard County, Maryland",266117,184801,181999,175641,6358,81316,113876,9423,2703,1554,2303,45574,28.5,121065,2715,1737,2955,3277,5908,10434,11343,22241,18386,42069,149763,184243,103378,179710,29644,30635,30701,52273,3403,10612,1876,5061,6828,331595,317577,275707,83864,14018,84306,2424,196824,165859,160159,152991,145068,12415,7168,5700,4910,3199,1779,790,30965,27863,21169,8875
"Howard County, Maryland",3,42.7,26.71,Silver Spring Health Center,0500000US24027,"Howard County, Maryland",266117,184801,181999,175641,6358,81316,113876,9423,2703,1554,2303,45574,28.5,121065,2715,1737,2955,3277,5908,10434,11343,22241,18386,42069,149763,184243,103378,179710,29644,30635,30701,52273,3403,10612,1876,5061,6828,331595,317577,275707,83864,14018,84306,2424,196824,165859,160159,152991,145068,12415,7168,5700,4910,3199,1779,790,30965,27863,21169,8875
"Howard County, Maryland",8,43.6,20.64,Glen Burnie Health Center,0500000US24027,"Howard County, Maryland",266117,184801,181999,175641,6358,81316,113876,9423,2703,1554,2303,45574,28.5,121065,2715,1737,2955,3277,5908,10434,11343,22241,18386,42069,149763,184243,103378,179710,29644,30635,30701,52273,3403,10612,1876,5061,6828,331595,317577,275707,83864,14018,84306,2424,196824,165859,160159,152991,145068,12415,7168,5700,4910,3199,1779,790,30965,27863,21169,8875
"Howard County, Maryland",9,44.7,22.28,Magothy Health Center,0500000US24027,"Howard County, Maryland",266117,184801,181999,175641,6358,81316,113876,9423,2703,1554,2303,45574,28.5,121065,2715,1737,2955,3277,5908,10434,11343,22241,18386,42069,149763,184243,103378,179710,29644,30635,30701,52273,3403,10612,1876,5061,6828,331595,317577,275707,83864,14018,84306,2424,196824,165859,160159,152991,145068,12415,7168,5700,4910,3199,1779,790,30965,27863,21169,8875
"Montgomery County, Maryland",2,11.7,5.86,Germantown Health Center,0500000US24031,"Montgomery County, Maryland",852366,594535,590776,561656,29120,257831,291655,41879,41226,9487,11844,156253,31.9,389210,12651,6777,11897,14462,22554,40348,39475,67718,52359,120969,132450,181376,326146,176902,99479,28258,90429,55663,11362,11217,8273,4947,28972,1056471,983039,799306,317167,73432,256155,9185,622654,528587,503315,458452,423069,46751,44863,25272,19970,12505,8370,5302,94067,82985,60435,28888
"Montgomery County, Maryland",12,33.5,23.05,Laurel Clinic,0500000US24031,"Montgomery County, Maryland",852366,594535,590776,561656,29120,257831,291655,41879,41226,9487,11844,156253,31.9,389210,12651,6777,11897,14462,22554,40348,39475,67718,52359,120969,132450,181376,326146,176902,99479,28258,90429,55663,11362,11217,8273,4947,28972,1056471,983039,799306,317167,73432,256155,9185,622654,528587,503315,458452,423069,46751,44863,25272,19970,12505,8370,5302,94067,82985,60435,28888
"Montgomery County, Maryland",3,33.8,18.44,Silver Spring Health Center,0500000US24031,"Montgomery County, Maryland",852366,594535,590776,561656,29120,257831,291655,41879,41226,9487,11844,156253,31.9,389210,12651,6777,11897,14462,22554,40348,39475,67718,52359,120969,132450,181376,326146,176902,99479,28258,90429,55663,11362,11217,8273,4947,28972,1056471,983039,799306,317167,73432,256155,9185,622654,528587,503315,458452,423069,46751,44863,25272,19970,12505,8370,5302,94067,82985,60435,28888
"Montgomery County, Maryland",4,35.1,19.6,Dennis Ave Health Center,0500000US24031,"Montgomery County, Maryland",852366,594535,590776,561656,29120,257831,291655,41879,41226,9487,11844,156253,31.9,389210,12651,6777,11897,14462,22554,40348,39475,67718,52359,120969,132450,181376,326146,176902,99479,28258,90429,55663,11362,11217,8273,4947,28972,1056471,983039,799306,317167,73432,256155,9185,622654,528587,503315,458452,423069,46751,44863,25272,19970,12505,8370,5302,94067,82985,60435,28888
"Montgomery County, Maryland",1,46.8,24.69,Hyattsville Health Center,0500000US24031,"Montgomery County, Maryland",852366,594535,590776,561656,29120,257831,291655,41879,41226,9487,11844,156253,31.9,389210,12651,6777,11897,14462,22554,40348,39475,67718,52359,120969,132450,181376,326146,176902,99479,28258,90429,55663,11362,11217,8273,4947,28972,1056471,983039,799306,317167,73432,256155,9185,622654,528587,503315,458452,423069,46751,44863,25272,19970,12505,8370,5302,94067,82985,60435,28888
"Prince George's County, Maryland",0,31.6,13.95,Cheverly Health Center,0500000US24033,"Prince George's County, Maryland",771225,536486,531986,498060,33926,234739,294219,48549,36143,8279,15043,87958,35.2,347744,16060,7314,12789,14930,25604,47540,46306,73018,43726,60457,101798,125138,291362,122407,87642,21890,92118,45046,14366,11215,8441,4922,42353,950053,841740,625820,339995,108313,225570,18701,584384,484295,454038,393871,347678,62874,60167,30257,22824,13167,10788,7433,100089,80953,50293,37655
"Prince George's County, Maryland",1,40.5,17.63,Hyattsville Health Center,0500000US24033,"Prince George's County, Maryland",771225,536486,531986,498060,33926,234739,294219,48549,36143,8279,15043,87958,35.2,347744,16060,7314,12789,14930,25604,47540,46306,73018,43726,60457,101798,125138,291362,122407,87642,21890,92118,45046,14366,11215,8441,4922,42353,950053,841740,625820,339995,108313,225570,18701,584384,484295,454038,393871,347678,62874,60167,30257,22824,13167,10788,7433,100089,80953,50293,37655
"Prince George's County, Maryland",4,42.2,24.58,Dennis Ave Health Center,0500000US24033,"Prince George's County, Maryland",771225,536486,531986,498060,33926,234739,294219,48549,36143,8279,15043,87958,35.2,347744,16060,7314,12789,14930,25604,47540,46306,73018,43726,60457,101798,125138,291362,122407,87642,21890,92118,45046,14366,11215,8441,4922,42353,950053,841740,625820,339995,108313,225570,18701,584384,484295,454038,393871,347678,62874,60167,30257,22824,13167,10788,7433,100089,80953,50293,37655
"Prince George's County, Maryland",12,42.5,25.75,Laurel Clinic,0500000US24033,"Prince George's County, Maryland",771225,536486,531986,498060,33926,234739,294219,48549,36143,8279,15043,87958,35.2,347744,16060,7314,12789,14930,25604,47540,46306,73018,43726,60457,101798,125138,291362,122407,87642,21890,92118,45046,14366,11215,8441,4922,42353,950053,841740,625820,339995,108313,225570,18701,584384,484295,454038,393871,347678,62874,60167,30257,22824,13167,10788,7433,100089,80953,50293,37655
"Prince George's County, Maryland",3,43.3,25.01,Silver Spring Health Center,0500000US24033,"Prince George's County, Maryland",771225,536486,531986,498060,33926,234739,294219,48549,36143,8279,15043,87958,35.2,347744,16060,7314,12789,14930,25604,47540,46306,73018,43726,60457,101798,125138,291362,122407,87642,21890,92118,45046,14366,11215,8441,4922,42353,950053,841740,625820,339995,108313,225570,18701,584384,484295,454038,393871,347678,62874,60167,30257,22824,13167,10788,7433,100089,80953,50293,37655
