check,domain,detail,value,flag
monotonicity,physical_access,"corr(domain_score, composite) under default weights",0.643,ok
monotonicity,temporal_access,"corr(domain_score, composite) under default weights",0.0,REVIEW: non-positive correlation
monotonicity,economic_admin,"corr(domain_score, composite) under default weights",0.643,ok
monotonicity,social_structural,"corr(domain_score, composite) under default weights",0.643,ok
stability,physical_access,increase weight by 10%,1.0,ok
stability,physical_access,decrease weight by 10%,0.964,ok
stability,temporal_access,increase weight by 10%,0.964,ok
stability,temporal_access,decrease weight by 10%,0.964,ok
stability,economic_admin,increase weight by 10%,0.964,ok
stability,economic_admin,decrease weight by 10%,0.964,ok
stability,social_structural,increase weight by 10%,1.0,ok
stability,social_structural,decrease weight by 10%,1.0,ok
